loss_kl,EpRewMean,EpisodesSoFar,loss_vf_loss,EpThisIter,TimestepsSoFar,loss_pol_entpen,loss_ent,AI_return,TimeElapsed,loss_pol_surr,AI_success_rate,AI_distance,EpLenMean,ev_tdlam_before
0.011303209,-12083.156036622,3,156826.4,3,1861,0.0,5.6635394,-9062.3670274665,6.486058712005615,-0.016949195,0.0,19.732139691910888,620.3333333333334,0.0001328587532043457
0.010237404,-12936.007995830485,6,121075.664,3,3891,0.0,5.6444592,-11088.006853568988,12.422770977020264,-0.017168544,0.0,21.410895519482363,648.5,-0.187524676322937
0.007822613,-14623.432159686092,7,110700.1,1,5592,0.0,5.5814614,-12795.50313972533,18.66482639312744,-0.017576892,0.0,22.484969010930055,798.8571428571429,-0.06014847755432129
0.01019891,-13026.72189932315,12,121025.48,5,8148,0.0,5.589766,-12024.666368605986,24.85986638069153,-0.020750854,0.0,21.555760960655928,679.0,-0.2599719762802124
0.012752262,-12441.468388753017,15,130948.266,3,9736,0.0,5.583425,-11663.876614455949,31.07763409614563,-0.018318666,0.0,21.89866168019691,649.0666666666667,0.08996498584747314
0.009164505,-12251.561011984826,16,24051.873,1,11190,0.0,5.5943456,-11530.880952456306,37.231138706207275,-0.020444043,0.0,22.375505907083596,699.375,-0.023337721824645996
0.014491177,-11231.528616073943,19,67070.836,3,14210,0.0,5.5887647,-10669.952185270244,43.12860131263733,-0.027727472,0.0,22.470625815136735,747.8947368421053,-0.09168028831481934
0.015066504,-10236.158252339626,24,79436.49,5,16031,0.0,5.57547,-9826.711922246039,49.14378356933594,-0.033875644,0.0,21.432168779088688,667.9583333333334,-0.20909297466278076
0.014949356,-9113.041278529712,28,91322.29,4,18099,0.0,5.5585313,-8798.79847582179,55.27325654029846,-0.027063284,0.0,20.066197472364106,646.3928571428571,0.31466221809387207
0.010137275,-8462.280086791805,31,26209.113,3,20364,0.0,5.549748,-8197.833834079564,61.456480503082275,-0.025702469,0.0,19.53394375762885,656.9032258064516,0.4174726605415344
0.015061952,-7789.144249424044,35,33165.72,4,22470,0.0,5.5590158,-7572.779131384487,67.53476977348328,-0.03678992,0.0,18.840948206142276,642.0,0.5249338746070862
0.014066491,-8023.374115766002,37,127780.29,2,24219,0.0,5.57396,-7812.232691666897,73.65879988670349,-0.03382247,0.0,18.844351686278337,654.5675675675676,0.3380560874938965
0.01636574,-7861.455087579395,42,36701.99,5,26600,0.0,5.5634475,-7678.630550658943,79.63133335113525,-0.039696336,0.0,18.380112784287853,633.3333333333334,0.6294622123241425
0.016604384,-7017.508098009916,46,26433.258,4,28416,0.0,5.5741124,-6868.1994150735345,85.5816490650177,-0.044279054,0.0,17.589766735412837,617.7391304347826,0.34759438037872314
0.017021038,-7242.875630045247,50,63459.258,4,30457,0.0,5.581213,-7100.858460828674,91.4547667503357,-0.043499473,0.0,17.650371019947983,609.14,-0.02801835536956787
0.016987385,-6872.5530894627755,56,28573.717,6,32411,0.0,5.5716558,-6751.981982630095,97.6208815574646,-0.044041205,0.0,17.371505005974548,578.7678571428571,0.5930852293968201
0.017949555,-6747.586919228309,61,36002.438,5,34504,0.0,5.583922,-6638.754872143981,103.61196160316467,-0.03777505,0.0,17.21760049422737,565.639344262295,0.19496941566467285
0.02140561,-6599.248476531349,68,46366.97,7,36782,0.0,5.580093,-6503.60719426278,109.82840847969055,-0.043644182,0.0,16.988732907111576,540.9117647058823,-0.06816375255584717
0.01983665,-6509.0199798797585,74,40660.13,6,38908,0.0,5.574427,-6422.233046814696,116.0020158290863,-0.045677867,0.0,16.991605600064,525.7837837837837,0.15645581483840942
0.023331404,-6581.814973006943,79,102742.586,5,40709,0.0,5.5855117,-6499.542285844356,121.82659411430359,-0.048290852,0.0,16.90357103312997,515.3037974683544,0.3951195478439331
0.023290157,-6409.900793705866,85,96566.88,6,42963,0.0,5.5669103,-6335.367063546495,128.13268327713013,-0.043684557,0.0,16.957895510854463,505.4470588235294,0.29039937257766724
0.021529952,-6470.203020752628,90,103780.95,5,45055,0.0,5.5393167,-6399.101888656445,134.03243684768677,-0.052651096,0.0,16.936660311935682,500.6111111111111,0.2568763494491577
0.022762641,-6215.66361067407,97,36680.086,7,46754,0.0,5.5344863,-6152.238471789643,140.3715579509735,-0.052211367,0.0,16.684994084860364,482.0,0.49433284997940063
0.021516593,-6360.633864601447,100,80841.64,3,48245,0.0,5.491487,-6297.657291684604,146.5420219898224,-0.05831174,0.0,16.87851762528967,482.45,0.3648058772087097
0.027786484,-5717.583800775802,107,52622.215,7,51120,0.0,5.5150304,-6241.87412217947,152.7077305316925,-0.05506543,0.0,16.817438709467556,455.28,0.7934590280056
0.025793761,-5824.651089155111,109,42150.086,2,53210,0.0,5.512035,-6349.681879744286,158.86026692390442,-0.04066685,0.0,16.906122252315903,467.81,0.68328857421875
0.029491697,-5146.3047121645,115,18793.367,6,55160,0.0,5.480662,-6045.2801469633205,165.1274778842926,-0.06405091,0.0,16.729092079147176,454.24,0.15855610370635986
0.036621075,-5120.725747040006,117,29757.246,2,57078,0.0,5.448858,-6132.728522323915,171.29990553855896,-0.054491706,0.0,16.81198162041479,434.46,0.8468208461999893
0.02551353,-5086.000167007096,122,28590.188,5,59136,0.0,5.499348,-6015.61091521677,177.1411852836609,-0.05132539,0.0,16.677725904172657,438.5,0.5229019522666931
0.029095357,-5102.816278595861,127,19678.268,5,61240,0.0,5.499083,-5968.157396020793,183.02618956565857,-0.06693992,0.0,16.60755208600417,434.13,0.7350965142250061
0.03322905,-5319.185933503942,132,71395.64,5,63312,0.0,5.471602,-6012.78215832235,189.10090374946594,-0.07297275,0.0,16.677639117177467,421.56,0.46724367141723633
0.03056669,-5295.874624996836,137,36427.56,5,65421,0.0,5.475159,-5988.7848172683025,195.46317887306213,-0.062373593,0.0,16.548263722272637,412.02,0.23586821556091309
0.030743143,-5265.04240842658,142,67995.96,5,67516,0.0,5.487807,-5990.806674971976,201.49981951713562,-0.073562235,0.0,16.51660761276416,409.16,0.5254215002059937
0.034103956,-5583.686933396326,148,46344.45,6,69604,0.0,5.4624133,-6010.063431059254,207.79806756973267,-0.07613279,0.0,16.47678469968484,403.16,0.6191425025463104
0.029311182,-5526.0244809511105,152,26653.113,4,71630,0.0,5.4528003,-6020.588396253887,213.7700216770172,-0.069712326,0.0,16.498532043056066,405.43,0.6885340213775635
0.032188307,-5760.351205293131,155,35859.918,3,73609,0.0,5.44307,-6128.5133082662005,219.65088844299316,-0.07208435,0.0,16.5384895964079,415.07,0.6027677655220032
0.04243259,-5609.354850788496,158,68268.61,3,75213,0.0,5.42123,-5996.215870417998,225.87089014053345,-0.066477016,0.0,16.45179718638775,419.28,0.787204772233963
0.038927205,-5782.73259358029,160,15964.044,2,77645,0.0,5.3920236,-6106.988833452854,232.22080540657043,-0.07718634,0.0,16.541510158045217,435.09,0.07229644060134888
0.03915229,-5831.065504455351,164,33516.8,4,79491,0.0,5.367768,-6136.029327862775,238.38182282447815,-0.07348967,0.0,16.62661470151431,438.88,0.586317628622055
0.05033138,-5838.138078344465,166,31998.193,2,81170,0.0,5.35794,-6150.638759296779,244.60847568511963,-0.07627944,0.0,16.625083389032206,449.36,0.6722744405269623
0.029694518,-5843.124664823212,170,29644.594,4,83553,0.0,5.3797774,-6106.970556013154,250.67721462249756,-0.0645298,0.0,16.58048190035164,460.28,0.835298478603363
0.038907167,-5730.132170046721,174,48189.133,4,85756,0.0,5.3741207,-6026.74683151871,256.67760944366455,-0.07002814,0.0,16.5835015355016,468.48,0.6250032782554626
0.036494605,-5806.019442384638,178,6195.193,4,88046,0.0,5.378261,-6113.462081125139,262.52339339256287,-0.076412275,0.0,16.64889883086057,476.77,0.6308239698410034
0.033585068,-5788.417671689102,181,17400.244,3,89356,0.0,5.408708,-6042.350105770584,268.32694840431213,-0.06605025,0.0,16.602340078415608,480.67,0.5174431502819061
0.032406718,-6071.684794779918,183,1504.6704,2,91743,0.0,5.401774,-6133.165545331079,274.575546503067,-0.08212805,0.0,16.72610983483555,497.06,0.6362194716930389
0.04297997,-5891.730197508088,188,30582.252,5,93862,0.0,5.376573,-6214.60585771654,280.8220245838165,-0.06896676,0.0,16.83717272027494,493.22,0.49840325117111206
0.036131203,-6207.094840897363,191,10148.509,3,96254,0.0,5.359999,-6299.802501955232,287.081223487854,-0.06901924,0.0,16.96033813197981,509.2,0.7774154096841812
0.03949157,-6259.394057867093,192,10444.0,1,97630,0.0,5.3143315,-6314.2081295493535,293.2971329689026,-0.07846442,0.0,16.965421119581553,521.06,0.4254869818687439
0.03807451,-6560.943273914517,196,32015.504,4,100116,0.0,5.3244624,-6373.382182067038,299.4030396938324,-0.06706037,0.0,16.99033149848722,535.6,0.7912915796041489
0.0437117,-6616.111406848404,198,72478.93,2,102060,0.0,5.278433,-6444.615387916766,305.4184899330139,-0.0817821,0.0,17.0517217147633,546.68,0.8261502534151077
0.050305326,-6190.1392966546455,205,8480.735,7,104441,0.0,5.2440343,-6219.3548687972825,311.5388894081116,-0.08222586,0.0,16.961126449508942,537.69,0.7864517718553543
0.05455467,-6140.70727717666,210,38513.63,5,106313,0.0,5.255858,-6225.478221472364,317.76444721221924,-0.07915944,0.0,16.879203995425524,530.22,0.6162567436695099
0.042639613,-6247.614442250046,213,24802.73,3,108406,0.0,5.2758183,-6209.748559930494,323.9491958618164,-0.07930381,0.0,16.86356131038325,540.63,0.6525282859802246
0.04248032,-6346.719900767488,218,4683.1064,5,110578,0.0,5.243292,-6201.499021009113,329.8777527809143,-0.08079526,0.0,16.89491493732498,528.23,0.6133917570114136
0.058847357,-6550.546999021717,222,17933.85,4,112571,0.0,5.2202163,-6255.492567147239,335.98000955581665,-0.08375414,0.0,16.91944010681422,534.35,0.6724972724914551
0.041053455,-6776.764211121135,226,24780.965,4,114125,0.0,5.2117357,-6322.315682140573,342.3231213092804,-0.084968954,0.0,16.916305001668057,532.34,0.7046934068202972
0.0535615,-6680.624010990532,230,9040.686,4,116323,0.0,5.1801353,-6322.707957025912,348.3267946243286,-0.06738401,0.0,16.912150669255514,536.99,0.9024775475263596
0.06594636,-6740.883809775962,233,5041.331,3,118630,0.0,5.146958,-6321.420019190993,354.39670634269714,-0.082798116,0.0,16.92006821666319,543.76,0.5983364582061768
0.047157433,-6893.99875894959,236,47508.96,3,120461,0.0,5.121551,-6362.125849263945,360.58026790618896,-0.07844318,0.0,17.009847470475812,554.54,0.660700261592865
0.04425815,-6841.658232834773,239,7862.463,3,122428,0.0,5.0922346,-6377.635115354464,366.6587200164795,-0.077989824,0.0,17.020672347398087,560.42,0.8110369294881821
0.043013114,-6882.740999915288,245,27506.066,6,124807,0.0,5.0896153,-6365.588151338461,372.5744140148163,-0.08782916,0.0,16.956838733705048,564.26,0.6938316226005554
0.038820416,-6892.448707648221,248,15904.232,3,126412,0.0,5.0928802,-6364.435028082936,378.80226135253906,-0.074798144,0.0,16.940654120631436,568.08,0.8511182963848114
0.055318836,-6234.020125169102,254,4054.5137,6,128985,0.0,5.065948,-6113.030264670899,385.13116669654846,-0.07792795,0.0,16.781131661582496,563.54,0.8570274859666824
0.044724733,-6197.945683178892,257,9806.054,3,130766,0.0,5.0323777,-6089.093250887104,391.0232267379761,-0.08583803,0.0,16.772772622831805,556.72,0.7313615381717682
0.054709148,-5947.8681581839,260,4837.9106,3,132904,0.0,5.018881,-6046.023057487737,397.31370401382446,-0.07582955,0.0,16.758738476676708,552.59,0.8268749415874481
0.04769894,-5879.734140896238,263,52211.055,3,135158,0.0,4.994115,-6043.087840860305,403.53521156311035,-0.086718164,0.0,16.75717224235386,560.6,0.7786767929792404
0.051827278,-5779.363608785996,265,17567.873,2,135859,0.0,4.966013,-6017.209708076165,409.7787024974823,-0.08367698,0.0,16.731130475580297,558.84,0.7653444558382034
0.069358565,-5887.782747990734,269,3138.799,4,138854,0.0,4.917832,-6015.145404913882,415.87977838516235,-0.084080495,0.0,16.70553402886224,556.19,0.6826516389846802
0.05919913,-5801.191082763674,273,12385.899,4,141306,0.0,4.862334,-5988.5801454238335,422.06477212905884,-0.0776444,0.0036496350364963502,16.657504068011107,563.99,0.6837005317211151
0.056164127,-6121.495251541725,274,11553.061,1,142978,0.0,4.8716874,-6061.200802436169,428.2316942214966,-0.08719597,0.0036363636363636364,16.7060230833971,572.22,0.8571457862854004
0.07327755,-5476.243429063681,282,1446.6802,8,145180,0.0,4.86081,-5887.138814744939,434.4509630203247,-0.086044915,0.0035335689045936395,16.485987433887665,540.37,0.9037206396460533
0.054987136,-4709.500401416059,285,3931.169,3,147052,0.0,4.832895,-5687.382677740361,440.6605498790741,-0.07821491,0.0034965034965034965,16.35583786181321,543.09,0.42919689416885376
0.06950398,-4196.641144980564,290,18385.28,5,149146,0.0,4.808897,-5574.847549567654,447.03116750717163,-0.08824341,0.003436426116838488,16.279673535872575,534.41,0.8588152080774307
0.055825423,-3333.474353909645,298,3311.8774,8,151526,0.0,4.8075314,-5404.099991927761,453.2074613571167,-0.07735323,0.0033444816053511705,16.084713367776033,494.66,0.9044047519564629
0.04817591,-3374.874689865942,304,1043.2151,6,153255,0.0,4.7755523,-5282.786997450109,459.1272397041321,-0.087081544,0.003278688524590164,15.939264993312117,493.4,0.9535764567553997
0.06050739,-2940.147698318548,311,22238.143,7,155536,0.0,4.753203,-5157.32581852069,464.97532653808594,-0.0774109,0.003205128205128205,15.827622512586819,485.13,0.8970096409320831
0.05632274,-2843.7540694460204,313,33089.6,2,156711,0.0,4.7232213,-5137.775792260279,470.938462972641,-0.084343344,0.0031847133757961785,15.814973907786772,483.05,0.9316221103072166
0.05564902,-2912.7577296652476,318,11765.346,5,159658,0.0,4.722841,-5170.545638142697,477.26777815818787,-0.096079454,0.003134796238244514,15.80924618594771,490.8,0.9579198993742466
0.055130724,-2548.7728880322056,322,430.61316,4,161659,0.0,4.7066092,-5107.90133522308,483.51854634284973,-0.085833885,0.0030959752321981426,15.767471238174322,490.88,0.934702455997467
0.047494117,-1961.035829992183,327,3997.4243,5,163342,0.0,4.7063956,-5005.54131637754,489.7689473628998,-0.08751685,0.003048780487804878,15.636338733519478,484.1,0.8418710678815842
0.09159922,-2040.7367462362508,331,25710.059,4,165833,0.0,4.682775,-5012.076688690637,496.1230561733246,-0.0847063,0.0030120481927710845,15.613217473925312,488.39,0.8307488858699799
0.07007114,-1758.2698080825076,335,14521.02,4,167683,0.0,4.6522,-4955.159679500796,502.30384349823,-0.08519812,0.002976190476190476,15.542518479671106,478.78,0.9031046330928802
0.049464658,-1033.5220880761751,342,10010.249,7,169822,0.0,4.642319,-4821.364928374786,508.25346994400024,-0.09218392,0.0029154518950437317,15.455011330573141,462.98,0.9280790165066719
0.058775775,-749.2602879637321,347,470.53964,5,171750,0.0,4.6362596,-4752.915748411067,514.2638382911682,-0.0912047,0.0028735632183908046,15.36816883566688,457.61,0.8748799264431
0.06356158,-1147.494000148416,355,3807.9084,8,173987,0.0,4.5893035,-4710.926487798614,520.3746082782745,-0.094736315,0.0028089887640449437,15.264797940789432,446.79,0.8904988542199135
0.07793579,-1109.7976274238245,360,278.67725,5,175882,0.0,4.571753,-4678.647592096071,526.5469975471497,-0.08807617,0.002770083102493075,15.195104902872522,429.78,0.8688896000385284
0.06424508,-699.2040517720233,369,531.3427,9,178100,0.0,4.590444,-4578.404498659325,532.7820730209351,-0.09022495,0.002702702702702703,15.094413451837298,392.46,0.8869291618466377
0.050713617,-546.1592841817378,372,608.6243,3,179689,0.0,4.5598655,-4533.239193001686,538.946799993515,-0.09099785,0.002680965147453083,15.046746924027053,385.6,0.9145129173994064
0.06608185,-337.4714080644405,376,3225.8154,4,181791,0.0,4.5546927,-4499.063697763521,544.8814125061035,-0.09176079,0.002652519893899204,15.003940807526687,382.4,0.8843274191021919
0.062072583,-551.6942945370877,381,2122.1895,5,184246,0.0,4.551865,-4489.957121267392,551.0086150169373,-0.08348299,0.002617801047120419,14.966077141530977,393.46,0.9648583419620991
0.06581932,-1207.1524385191562,386,8277.172,5,186171,0.0,4.527871,-4501.435947341283,557.26416182518,-0.09425779,0.002583979328165375,14.959702710560215,386.26,0.8588611334562302
0.081658855,-1054.4183894239404,392,1345.0771,6,188241,0.0,4.503367,-4404.757144544465,563.4946732521057,-0.091771856,0.002544529262086514,14.874005418631695,380.83,0.8206026554107666
0.06486039,-1090.4562873660996,398,524.9436,6,190391,0.0,4.4867864,-4322.986281511305,569.6493220329285,-0.10190925,0.002506265664160401,14.772777743607419,388.65,0.9368692710995674
0.062974006,-1256.5976148347513,405,342.6493,7,192239,0.0,4.465753,-4269.614739181586,575.9807069301605,-0.096249804,0.0024630541871921183,14.717089179255305,385.51,0.9160367995500565
0.0567903,-1260.091178219103,410,1124.0886,5,194241,0.0,4.4399266,-4241.529230238257,581.9897360801697,-0.096302554,0.0024330900243309003,14.658236753180542,389.85,0.8982252925634384
0.118048556,-1156.2089099401826,415,271.6151,5,196201,0.0,4.4198847,-4185.994575111578,588.0662014484406,-0.08097811,0.002403846153846154,14.573167095120052,378.69,0.7802426666021347
0.082889065,-962.6791333663647,420,247.94919,5,198322,0.0,4.38769,-4150.445707780031,594.2715656757355,-0.09916272,0.0023752969121140144,14.585704263430408,379.71,0.9643893130123615
0.072591186,-1191.306961601271,427,375.86484,7,200497,0.0,4.361472,-4114.36506526159,600.4541141986847,-0.107610695,0.002336448598130841,14.552456156015905,371.55,0.9170631840825081
0.07524988,-1192.0110713382066,435,235.79767,8,202481,0.0,4.329046,-4092.0522005644225,606.4824712276459,-0.09462985,0.0022935779816513763,14.507946744614893,347.98,0.9504383243620396
0.0669397,-1145.0498211317604,439,3102.725,4,204026,0.0,4.345193,-4012.246614683702,612.2817146778107,-0.089284845,0.0022727272727272726,14.465331134553484,349.1,0.9060852378606796
0.085773915,-1298.2225148350099,445,324.12296,6,206540,0.0,4.294764,-3989.10676081431,618.4521636962891,-0.09270643,0.002242152466367713,14.489260072810117,353.37,0.9402130991220474
0.082924426,-1353.4247511316116,450,215.43929,5,208580,0.0,4.3141932,-3965.2132622324693,624.5835089683533,-0.07510043,0.0022172949002217295,14.488591901427665,360.81,0.8281181901693344
0.087825276,-900.7158901172733,456,14218.702,6,210747,0.0,4.2950797,-3860.010830202786,630.7540731430054,-0.083132125,0.002188183807439825,14.416318720619126,364.89,0.8726304620504379
0.2036508,-784.3311645164125,460,459.66208,4,212682,0.0,4.256737,-3833.893486330418,636.9758403301239,-0.1037726,0.0021691973969631237,14.406531862651779,368.0,0.6594397723674774
0.08686674,-582.5946160382186,464,209.95287,4,214724,0.0,4.242492,-3766.2532376542667,643.3253951072693,-0.09023589,0.002150537634408602,14.36586840279569,378.04,0.9319345057010651
0.08033985,-518.0037221081827,470,56030.23,6,217078,0.0,4.241477,-3707.3157712205602,649.490784406662,-0.08650959,0.0021231422505307855,14.33606332206782,384.77,0.8999495208263397
0.07976953,-390.995717926766,476,151.58182,6,218897,0.0,4.212806,-3637.833513311371,655.6710221767426,-0.0951809,0.0020964360587002098,14.253512825495063,371.06,0.9025961607694626
0.09823306,-1.7055467327127871,484,315.87167,8,221152,0.0,4.1650257,-3584.29495879889,662.0525925159454,-0.093354106,0.002061855670103093,14.178608615862956,355.05,0.8306008130311966
0.0775592,106.73814500286302,489,424.1995,5,222776,0.0,4.129883,-3532.372649082049,668.3540861606598,-0.09677543,0.0020408163265306124,14.146550272608083,353.4,0.8819095864892006
0.089664996,-42.09282871074073,496,981.19904,7,225246,0.0,4.1309896,-3490.1363221512793,674.4456532001495,-0.08703365,0.002012072434607646,14.067536977681652,357.42,0.8259979486465454
0.06933453,-71.26366163922766,502,255.28319,6,226845,0.0,4.119158,-3454.4066342039314,680.6614878177643,-0.10395518,0.0019880715705765406,14.000128639216582,355.95,0.8898046910762787
0.10359927,-51.4281883205855,505,317.8115,3,228940,0.0,4.0971675,-3435.9810334778304,686.925657749176,-0.10150329,0.001976284584980237,13.979365370279117,367.01,0.7691414058208466
0.08610813,91.93235720933983,512,261.48416,7,231003,0.0,4.062797,-3381.5878653977134,693.1737394332886,-0.10548827,0.001949317738791423,13.901321991048501,359.59,0.8685399889945984
0.11603775,18.842503283297425,518,122.57324,6,233251,0.0,4.008142,-3357.4188235555152,699.3385951519012,-0.106191605,0.0019267822736030828,13.890400379735354,358.35,0.9003040716052055
0.1449474,124.97262507826417,524,145.95007,6,235394,0.0,3.9817333,-3327.408073398887,705.5693113803864,-0.10121807,0.0019047619047619048,13.868609491498889,355.62,0.7425779402256012
0.078709364,-59.38232790520809,528,715.9667,4,237462,0.0,3.9493728,-3352.140943501027,711.7311837673187,-0.083437756,0.001890359168241966,13.909568823008767,366.82,0.8167124539613724
0.105023004,-115.26868817728116,531,1656.0836,3,239583,0.0,3.9288197,-3356.909651084096,717.9435362815857,-0.10792165,0.0018796992481203006,13.939874300935461,383.51,0.9058853760361671
0.08106615,56.48538139321754,538,396.2964,7,241640,0.0,3.9102,-3280.3717007279374,724.1215863227844,-0.103279494,0.0018552875695732839,13.855341732211423,381.79,0.7748900204896927
0.100034885,-48.23665752392797,542,132.12206,4,243621,0.0,3.8859937,-3281.256984750075,730.3259992599487,-0.0977647,0.001841620626151013,13.892764552859171,376.44,0.8529829680919647
0.094601825,58.52984599434479,548,301.3194,6,245544,0.0,3.8448484,-3239.535409841475,736.4867968559265,-0.09908452,0.0018214936247723133,13.852649915893355,378.12,0.894565224647522
0.0903873,-150.10954650005922,552,307.77075,4,247417,0.0,3.8280187,-3211.8787258091556,742.1873199939728,-0.102103904,0.0018083182640144665,13.824723239479153,381.13,0.809841051697731
0.0986373,-115.69748674021784,557,146.41382,5,249258,0.0,3.7988431,-3171.8632134736536,747.9806478023529,-0.10320629,0.0017921146953405018,13.790908661219843,382.35,0.8386490941047668
0.12722763,-200.0573250500507,562,227.56487,5,251814,0.0,3.7758489,-3160.331365384448,753.7825691699982,-0.10744432,0.0017761989342806395,13.790870893974677,380.94,0.821312814950943
0.088748515,-228.33882660817198,564,173.2538,2,253456,0.0,3.7426734,-3140.0736958761972,759.6408379077911,-0.10735724,0.0017699115044247787,13.789147794346972,387.32,0.8866273313760757
0.14710742,-417.9115713448425,570,103.0486,6,255817,0.0,3.7342305,-3131.2379778973177,765.5413925647736,-0.094415255,0.0017513134851138354,13.764016285181336,387.39,0.5672315657138824
0.12753639,-652.0508090545169,578,302.32727,8,257859,0.0,3.6872575,-3107.7875133199104,771.4377114772797,-0.09707746,0.0017271157167530224,13.709446731321162,383.97,0.5892727971076965
0.10924244,-889.9434080451528,586,216.6402,8,259866,0.0,3.6664732,-3109.9863860656924,777.5940382480621,-0.09079463,0.0017035775127768314,13.662031202010747,378.08,0.6344985961914062
0.13538224,-830.7867639404608,595,238.2332,9,262033,0.0,3.6246624,-3046.464124570963,783.8365614414215,-0.10495352,0.0016778523489932886,13.60276077930796,371.97,0.732784628868103
0.1607655,-764.8588077284109,603,141.10484,8,264167,0.0,3.5907133,-3014.3388419833705,789.9425210952759,-0.10559199,0.0016556291390728477,13.569229649438585,360.7,0.9049070850014687
0.11422018,-743.8416883374296,606,93.53936,3,266112,0.0,3.597694,-2988.0615168724385,796.166520357132,-0.095002614,0.0016474464579901153,13.556491627540968,366.73,0.7706352174282074
0.11354797,-726.7137402835677,613,141.12936,7,268032,0.0,3.5661333,-2945.52095344172,802.3031797409058,-0.080442004,0.0016286644951140066,13.517181455009103,365.73,0.7768040895462036
0.11146348,-822.6211135970418,618,126.69824,5,270115,0.0,3.563561,-2947.9200012682018,808.5569922924042,-0.08884403,0.0016155088852988692,13.51139665786437,368.64,0.9172219336032867
0.14612404,-940.801772072975,621,294.70346,3,272134,0.0,3.550758,-2957.305672510589,814.7207810878754,-0.083244264,0.003215434083601286,13.512471155150239,378.65,0.400969922542572
0.11716353,-1041.0469710136838,624,3989.0698,3,274136,0.0,3.5186136,-2961.5902970172547,820.7924127578735,-0.090549365,0.0032,13.542784791589858,387.42,0.5413466691970825
0.08853614,-562.0746012129923,630,368.3733,6,276375,0.0,3.4910884,-2924.1992749168053,827.0151689052582,-0.12158228,0.003169572107765452,13.510559591393891,374.59,0.736018031835556
0.15020412,-717.356983935342,636,162.86038,6,278371,0.0,3.4423137,-2897.9772253023743,833.0701818466187,-0.109215975,0.0031397174254317113,13.483385887820962,375.17,0.8519546389579773
0.23256502,-668.9197787437395,641,176.63681,5,280327,0.0,3.4144974,-2872.02588886656,838.901477098465,-0.116314754,0.003115264797507788,13.477511951009586,371.48,0.8336451202630997
0.119250745,-583.6550682036053,646,1041.9573,5,282241,0.0,3.4170892,-2841.7539513267793,845.1338257789612,-0.11584263,0.0030911901081916537,13.42787020230113,369.05,0.7915585041046143
0.12249513,-652.6937711033855,653,124.537056,7,284252,0.0,3.4001753,-2808.9825096331756,851.3465766906738,-0.117963806,0.0030581039755351682,13.39432558072015,363.28,0.8734187036752701
0.30017635,-798.7945726298474,658,343.52716,5,286592,0.0,3.3564827,-2830.2466933863907,857.5096035003662,-0.11279682,0.0030349013657056147,13.390029464419605,365.86,0.6647809445858002
0.13483806,-880.5938733205727,663,305.03784,5,288346,0.0,3.2971857,-2805.3150928138275,863.6505224704742,-0.11338268,0.0030120481927710845,13.380254434241094,353.79,0.9094619750976562
0.12430464,-788.0308607844902,669,82.78824,6,290693,0.0,3.2767863,-2783.835194132769,869.7296979427338,-0.106715955,0.0029850746268656717,13.371927720312623,350.3,0.7215053141117096
0.114836045,-725.0487835339197,676,297.91458,7,292637,0.0,3.2551348,-2757.5981390559946,875.6891095638275,-0.10675269,0.0029542097488921715,13.334957624394285,350.51,0.8583405315876007
0.104235515,-443.98487484006694,685,394.96268,9,294778,0.0,3.242249,-2720.725443098642,881.8630831241608,-0.09343027,0.0029154518950437317,13.272625110849821,353.06,0.8868519365787506
0.10703027,-483.0232792037989,691,143.85503,6,296900,0.0,3.2265952,-2696.2763880342654,887.7984712123871,-0.09400775,0.002890173410404624,13.259934104137598,354.9,0.8695999532938004
0.25461203,-549.2539136428455,696,413.64026,5,298845,0.0,3.1530764,-2685.5476327228957,893.8172113895416,-0.117067955,0.0028694404591104736,13.241074143097993,364.11,0.7160035073757172
0.33155528,-689.8438976767753,700,3275.8884,4,300123,0.0,3.1279502,-2692.797930998096,899.8617587089539,-0.11217076,0.0028530670470756064,13.241853670365554,368.28,0.8404845297336578
0.21492767,-831.3217844441355,706,1762.0686,6,303102,0.0,3.0934424,-2683.0063920593825,906.0469477176666,-0.10271244,0.002828854314002829,13.236491789550682,369.9,0.8821446746587753
0.12317722,-970.2098127667243,710,1032.6854,4,304803,0.0,3.0458758,-2685.4685154727676,912.0607752799988,-0.10483242,0.0028129395218002813,13.243924271236372,378.93,0.9109572023153305
0.32728666,-1064.924904918589,716,318.70746,6,307098,0.0,3.0142417,-2681.607792020891,918.130740404129,-0.1132501,0.002789400278940028,13.230084803790911,376.76,0.9283134192228317
0.11339466,-989.7424796800973,719,257.8434,3,308424,0.0,2.9786675,-2676.233942467927,924.3351831436157,-0.10878907,0.002777777777777778,13.21360696536606,379.37,0.901680663228035
0.23558742,-794.9035048298264,724,136.88855,5,311128,0.0,2.9285913,-2662.7369463707128,930.5708994865417,-0.099945344,0.002758620689655172,13.21754813739889,369.92,0.9343028217554092
0.20043965,-738.9538816429006,727,688.5804,3,312542,0.0,2.8896995,-2644.669103071982,936.7094414234161,-0.11458714,0.0027472527472527475,13.190983459950782,371.25,0.8996211662888527
0.17923932,-866.9331566160918,733,140.83508,6,315353,0.0,2.8867042,-2631.576754227814,942.8689675331116,-0.096524715,0.0027247956403269754,13.179154242051032,376.25,0.8298863768577576
0.13613287,-741.9007243917907,738,131.71712,5,317181,0.0,2.8595254,-2603.482454535015,949.2024767398834,-0.105746925,0.0027063599458728013,13.157678961490225,380.87,0.8726846724748611
0.3145036,-1060.4063075284416,744,14299.908,6,319293,0.0,2.848376,-2611.381929647075,955.3358936309814,-0.0975482,0.0026845637583892616,13.152958771513884,381.62,0.8962189257144928
0.23517303,-1132.9054468743238,750,367.13028,6,321530,0.0,2.8062842,-2595.5339313245627,961.6636648178101,-0.11205905,0.002663115845539281,13.149111039614892,376.27,0.8364822119474411
0.14786525,-1139.0908656658048,753,709.4042,3,323263,0.0,2.792452,-2587.5114693192004,967.8547337055206,-0.11323472,0.002652519893899204,13.142641033401471,390.11,0.8869147002696991
0.19581215,-702.9558808115945,758,505.4833,5,325285,0.0,2.7886758,-2549.971224008947,974.1524062156677,-0.096105486,0.002635046113306983,13.111020995854318,386.93,0.8648996353149414
0.16239354,-808.0843160448635,764,246.2059,6,327592,0.0,2.759781,-2535.738108130495,980.5248687267303,-0.091327965,0.00261437908496732,13.089501144775394,388.22,0.7197836935520172
0.7032737,-845.394591993894,769,9862.619,5,329261,0.0,2.7587483,-2532.0896613874606,986.7307257652283,-0.08081129,0.0025974025974025974,13.077658949254314,385.68,0.8510024100542068
0.16247983,-777.5364510332835,773,481.298,4,331720,0.0,2.7200801,-2520.2715301902017,993.0279276371002,-0.10768491,0.002583979328165375,13.059340250138114,396.12,0.8474731296300888
0.27755445,-990.9251953439918,779,293.36237,6,333764,0.0,2.648208,-2521.930540065961,999.1705961227417,-0.116912656,0.002564102564102564,13.051854865437628,402.54,0.8852153122425079
0.15555963,-814.0126875112184,785,1391.9576,6,335863,0.0,2.6301353,-2478.141123049352,1005.3666877746582,-0.102021046,0.002544529262086514,13.018128264569835,410.85,0.8980166912078857
1.3404719,-819.4571965529768,788,6765.9604,3,337478,0.0,2.6210167,-2473.9620636217614,1011.4901185035706,-0.058344185,0.0025348542458808617,13.01710805354384,418.47,0.8205296397209167
1.0365807,-1197.835060348217,794,3198.027,6,339951,0.0,2.5901031,-2497.153777850472,1017.3520712852478,-0.11916006,0.0025157232704402514,13.022915355501869,425.15,0.9498420543968678
0.19988868,-1138.8398574947482,800,1015.3089,6,341689,0.0,2.5570502,-2498.7956746306368,1023.7483723163605,-0.10266838,0.0024968789013732834,13.011599571589441,415.66,0.9267182126641273
0.23786554,-1041.8402297028065,808,2000.1572,8,344035,0.0,2.5350308,-2491.6987512722753,1030.0143275260925,-0.09465302,0.002472187886279357,12.998897024697431,403.72,0.9480119235813618
0.47224963,-1014.050834880696,815,225.79901,7,346039,0.0,2.5422082,-2479.3420953909263,1036.2041451931,-0.09001609,0.0024509803921568627,12.988989175416235,389.69,0.8863682374358177
0.16093263,-1084.8722308962772,823,4794.6367,8,348112,0.0,2.5052233,-2474.059393994442,1042.5833151340485,-0.11642259,0.0024271844660194173,12.969075916111688,371.64,0.9199781268835068
0.17796978,-925.0715711496872,830,1417.2964,7,350030,0.0,2.468595,-2436.585188660284,1048.8356266021729,-0.10211638,0.0024067388688327317,12.943793214631336,359.35,0.9272958934307098
0.21805157,-1011.2283481077052,838,4177.06,8,352245,0.0,2.4362485,-2413.702465687899,1055.0820693969727,-0.09101868,0.0023837902264600714,12.919334897751186,350.64,0.8087705671787262
0.73859763,-649.7441568206044,844,4737.4365,6,353831,0.0,2.3975074,-2379.2354476557766,1061.270353794098,-0.08652253,0.002366863905325444,12.884369878718122,345.38,0.9443810246884823
0.29770568,-942.3408466776051,854,186.93715,10,356298,0.0,2.3804371,-2380.8065909703864,1067.5032773017883,-0.11352552,0.0023391812865497076,12.882890875228448,325.97,0.9134769067168236
0.21369117,-993.4432809833577,861,129.09685,7,358361,0.0,2.3412943,-2355.056000198085,1073.7255141735077,-0.11194322,0.002320185614849188,12.878024018738175,320.64,0.939623761922121
0.37273812,-782.2489931582131,872,501.09,11,360342,0.0,2.321655,-2324.0181085888075,1080.036367893219,-0.085252896,0.002290950744558992,12.85982022012327,289.83,0.9516862891614437
0.18145949,-792.3968019554829,882,232.05534,10,362328,0.0,2.2763822,-2302.2197616845897,1086.3311471939087,-0.11479589,0.0022650056625141564,12.829807889207304,274.32,0.9385453127324581
0.25349933,-726.576085314517,888,104.31518,6,364401,0.0,2.2466662,-2277.405710606323,1092.4316458702087,-0.08215286,0.0022497187851518562,12.805536199315748,269.23,0.9209397211670876
0.39926055,-321.75151628053203,894,160.09885,6,366391,0.0,2.2085464,-2254.0920726471268,1098.571495771408,-0.09673552,0.0022346368715083797,12.792500159137532,264.4,0.9202229753136635
0.18882336,-133.11257285399728,900,160.02335,6,368348,0.0,2.1901624,-2236.2337321471027,1104.910044670105,-0.09005556,0.0022197558268590455,12.764921727669865,266.59,0.9277671277523041
0.41714987,-78.88951865797155,905,687.2661,5,370649,0.0,2.1571882,-2234.4295751067384,1111.3823924064636,-0.074170895,0.002207505518763797,12.744328570908307,272.36,0.928598664700985
1.2671229,-29.353846165758988,913,162.33841,8,372668,0.0,2.1165774,-2212.553676733126,1117.6754035949707,-0.084005825,0.002188183807439825,12.740928643088402,272.33,0.8930148184299469
0.98231304,136.46217006891095,917,415.97015,4,373977,0.0,2.1073198,-2188.677587606961,1124.016063451767,-0.0781853,0.002178649237472767,12.715927424613042,273.67,0.9090916886925697
0.721012,216.83748152150076,926,256.1836,9,376691,0.0,2.0794065,-2165.864523330403,1130.3647751808167,-0.10130767,0.002157497303128371,12.662173039021425,277.93,0.9110371693968773
0.3117876,265.1627820205634,935,1521.1919,9,378629,0.0,2.03841,-2139.261911599135,1136.674188375473,-0.09058426,0.002136752136752137,12.686491412130476,269.74,0.8561991304159164
0.1608855,129.54472446343942,947,165.25,12,380878,0.0,2.035126,-2116.1707030111475,1142.9621098041534,-0.10325632,0.002109704641350211,12.668002331637423,262.25,0.8644402176141739
0.29121074,363.8435445452963,952,228.20805,5,382704,0.0,2.0216684,-2093.1826143931344,1149.2262115478516,-0.09667746,0.002098635886673662,12.639344141221558,266.29,0.8679913580417633
0.24122483,352.34345317244015,964,397.62872,12,385008,0.0,1.9946489,-2064.5370535620796,1155.6039361953735,-0.10009377,0.002072538860103627,12.586618775844181,261.14,0.8763191625475883
0.20810482,510.623443753101,972,188.80661,8,387030,0.0,1.9938662,-2032.6880415444184,1161.8151156902313,-0.08774714,0.0020554984583761563,12.555934989859633,266.88,0.8706139326095581
0.25884694,514.7464299315335,981,156.37584,9,388708,0.0,1.9539979,-2016.8348312885373,1168.0492630004883,-0.101708524,0.002036659877800407,12.527068914390934,264.93,0.8827334269881248
0.30538282,527.0717760674956,990,4614.178,9,391116,0.0,1.9353564,-1985.514840400477,1174.3668723106384,-0.082001045,0.0020181634712411706,12.496644887967495,262.59,0.9432056434452534
0.8584398,504.63710266389506,999,2486.9731,9,393214,0.0,1.9345293,-1967.4274563907009,1180.6053156852722,-0.073306784,0.002,12.464349234683636,251.89,0.8500932604074478
0.24555223,662.5018258550339,1009,72.128586,10,395220,0.0,1.9190149,-1940.0653154487754,1186.9340493679047,-0.105281286,0.0019801980198019802,12.421188082502034,235.56,0.949490737169981
0.2657993,415.9606391736159,1017,153.58063,8,397108,0.0,1.9124002,-1932.8192156245864,1193.0650491714478,-0.09515402,0.0019646365422396855,12.408726174678124,231.31,0.9380272403359413
0.16778933,467.08678776397727,1026,140.663,9,399279,0.0,1.9186671,-1909.4914648012518,1199.054788351059,-0.09897695,0.0019474196689386564,12.391442774719783,225.88,0.9029441326856613
0.18983546,462.7254435747278,1034,353.5873,8,401228,0.0,1.8816252,-1893.6897451349598,1205.2264759540558,-0.1047925,0.001932367149758454,12.392030911041783,229.09,0.9074331521987915
0.4928125,333.89385832884165,1044,335.9407,10,403419,0.0,1.8390551,-1883.7481074445961,1211.3564026355743,-0.107830316,0.0019138755980861245,12.375129848174016,232.76,0.9173982217907906
0.9258302,211.20140000861366,1054,171.24701,10,405376,0.0,1.8038253,-1870.5538907902637,1217.266039133072,-0.09483674,0.0018957345971563982,12.348536113318927,221.14,0.9148063957691193
0.20929964,99.72596794877012,1064,117.02966,10,407509,0.0,1.771964,-1861.31986844369,1223.0098781585693,-0.10828683,0.0018779342723004694,12.327938926490107,225.01,0.8406860381364822
0.25396836,-86.41534271393566,1075,100.28339,11,409519,0.0,1.8065832,-1846.2704497170462,1229.116455078125,-0.08651313,0.0018587360594795538,12.321370545697794,217.52,0.894905686378479
1.1858938,-317.6784293302023,1085,193.46486,10,411595,0.0,1.7961271,-1841.1840652556912,1235.438881635666,-0.08289079,0.0027624309392265192,12.321511228786381,217.56,0.8315224349498749
2.6894817,-564.1624734012798,1093,567.62054,8,413385,0.0,1.7971494,-1845.2978617513788,1241.3200232982635,-0.05377431,0.002742230347349177,12.316508353324261,215.17,0.8872576355934143
0.8564991,-671.1110288964717,1100,126.832344,7,415363,0.0,1.7935381,-1847.3244567357667,1247.3563017845154,-0.10245267,0.0027247956403269754,12.318978697909786,219.13,0.8681738078594208
0.35685927,-694.7360410145519,1111,931.6373,11,417722,0.0,1.7794802,-1825.412290389477,1253.6059925556183,-0.07627306,0.002697841726618705,12.316306070535482,220.47,0.7803047746419907
0.42165905,-850.9117427628263,1121,279.20532,10,419576,0.0,1.7818918,-1822.9989683628617,1259.6051380634308,-0.072571,0.00267379679144385,12.334355695245213,213.76,0.8460116982460022
0.18785155,-993.0672320947756,1127,108.74482,6,421338,0.0,1.7452394,-1826.5047269268807,1265.7427117824554,-0.113867536,0.0026595744680851063,12.324305111926224,219.16,0.8269206136465073
1.5866115,-1256.2560518627697,1136,948.9757,9,423808,0.0,1.7182654,-1833.7633989304438,1272.0696756839752,-0.09208421,0.002638522427440633,12.322038935403418,220.66,0.8095546811819077
0.28401935,-1245.3937431428903,1147,130.24133,11,425862,0.0,1.7088741,-1820.7015292340307,1278.3655905723572,-0.10712531,0.002613240418118467,12.311149418776498,217.46,0.9194622188806534
0.8029165,-1295.004592285944,1155,369.63724,8,427993,0.0,1.6952438,-1820.5713304284586,1284.6704154014587,-0.076355405,0.0025951557093425604,12.316595127144419,223.83,0.8859396055340767
0.26548642,-1257.3891585242404,1163,157.37024,8,429789,0.0,1.6557506,-1810.6550068790452,1290.9334468841553,-0.102386296,0.002577319587628866,12.323937912461503,223.93,0.9108893871307373
0.24523067,-1217.7065001387036,1175,180.01924,12,431960,0.0,1.6638002,-1792.821134276711,1297.1357457637787,-0.1012535,0.002551020408163265,12.313858398071721,224.41,0.8865522667765617
0.2115199,-1127.1906106786153,1185,142.57768,10,433938,0.0,1.6503248,-1780.9822562694283,1303.4532465934753,-0.107795425,0.002529510961214165,12.334668705882814,223.43,0.8998416811227798
0.55839,-763.3799369664353,1199,535.2507,14,436143,0.0,1.6471567,-1764.685852221423,1309.6330478191376,-0.08759669,0.0025,12.347920680795092,210.85,0.5974493622779846
0.3006986,-993.5407389567393,1210,402.94196,11,438156,0.0,1.6511813,-1756.1342644370777,1315.5762412548065,-0.10233773,0.002477291494632535,12.365482431744555,207.77,0.918109305202961
0.17669536,-874.696103891486,1221,927.6284,11,440265,0.0,1.6502303,-1745.3964426287073,1321.739973783493,-0.091846645,0.0024549918166939444,12.368472800391507,206.89,0.9081710577011108
0.25344253,-600.1848475919037,1232,291.59973,11,442162,0.0,1.6494722,-1732.2903779502415,1327.9817674160004,-0.10468859,0.0024330900243309003,12.369429649273037,193.42,0.895536370575428
0.355843,-713.4126889100183,1243,631.4773,11,444291,0.0,1.6448528,-1729.6521001532888,1334.2724869251251,-0.080795854,0.002411575562700965,12.336680701858699,191.56,0.823582723736763
0.41950908,-467.1191921789765,1254,169.47131,11,446317,0.0,1.644188,-1713.9976493979384,1340.2472417354584,-0.09668136,0.002390438247011952,12.332517337063262,184.35,0.8246002495288849
2.491291,-566.9056008830727,1261,332.54016,7,448118,0.0,1.644184,-1714.1389818040377,1346.3896763324738,-0.060629424,0.002377179080824089,12.334313907056657,187.25,0.865832731127739
0.2534873,-926.1901711180863,1267,196.44258,6,450424,0.0,1.5914752,-1733.5388505744068,1352.5897145271301,-0.10816501,0.002365930599369085,12.339406577883546,198.92,0.8800171911716461
1.5254273,-953.1442310409823,1274,13887.473,7,452460,0.0,1.594737,-1728.7872405711817,1358.5893743038177,-0.09413047,0.002352941176470588,12.327052637014475,207.58,0.9087133854627609
0.44752657,-1006.9023664487336,1280,126.41461,6,454223,0.0,1.5779837,-1724.033047813898,1364.7050242424011,-0.09310227,0.00234192037470726,12.347420358345298,210.98,0.8140419274568558
0.59785044,-1144.5866476850263,1288,228.43791,8,456556,0.0,1.54747,-1729.3560514561855,1370.5352747440338,-0.098866485,0.0023273855702094647,12.350833980534755,220.41,0.8925992995500565
0.8947959,-1355.5881737777336,1292,274.81796,4,458386,0.0,1.5395863,-1740.5206308768352,1376.593383550644,-0.0960005,0.002320185614849188,12.35966722399233,232.57,0.8293096572160721
0.21791312,-1475.2397892016584,1299,175.31718,7,460650,0.0,1.5672809,-1742.4207704506719,1382.7817327976227,-0.1119808,0.002307692307692308,12.365837943528778,245.07,0.8572339117527008
0.8149912,-1404.4405763296952,1303,472.8232,4,462277,0.0,1.5368654,-1737.5409685384998,1388.6209874153137,-0.090927355,0.0023006134969325155,12.3573838391927,252.46,0.8387019336223602
0.32372877,-1343.4868735664566,1309,232.38362,6,464797,0.0,1.526151,-1724.7210152935625,1394.766292333603,-0.092343,0.0030534351145038168,12.346449511743232,267.99,0.805822029709816
0.9373121,-1270.39723205472,1317,319.79205,8,466607,0.0,1.529415,-1714.5583828300507,1400.6398911476135,-0.113231346,0.0030349013657056147,12.365236058565744,269.24,0.7394584715366364
2.128151,-1491.5937311202424,1321,474.63214,4,468818,0.0,1.523403,-1726.1980529533314,1406.684416294098,-0.12316869,0.0030257186081694403,12.375678136750075,285.53,0.9130808934569359
0.7775389,-1552.2770461518999,1327,213.8315,6,470596,0.0,1.5161071,-1722.4521512747633,1412.8598582744598,-0.10108002,0.0030120481927710845,12.38181076428902,292.81,0.8596848249435425
0.3859464,-1476.4212558281913,1334,1017.5366,7,473033,0.0,1.5161755,-1717.7822320101996,1419.168802022934,-0.09618038,0.00299625468164794,12.384720101371169,304.27,0.8335468471050262
2.1235335,-1316.6032668773403,1344,247.05312,10,474997,0.0,1.5236207,-1698.6305503133065,1425.3867948055267,-0.059702616,0.002973977695167286,12.389285049557735,305.68,0.9415401816368103
0.3600998,-1303.6967538028982,1347,293.935,3,476015,0.0,1.5103682,-1689.160998242453,1431.5342745780945,-0.10755238,0.002967359050445104,12.381601977230357,310.02,0.8159425407648087
0.37892163,-1417.261796390786,1349,507.23975,2,477795,0.0,1.5070944,-1697.2194134658127,1437.7985558509827,-0.09048862,0.002962962962962963,12.388043304878073,323.27,0.8448310643434525
1.1280265,-1451.928892101662,1353,772.85803,4,480619,0.0,1.4398769,-1694.7348165749083,1444.0407588481903,-0.11296066,0.0029542097488921715,12.390150181379527,344.81,0.9127315506339073
0.5059112,-1113.2317516717826,1362,835.5225,9,482917,0.0,1.4188195,-1680.958690320348,1450.2697751522064,-0.08858671,0.00293470286133529,12.367806683673038,343.38,0.7693357020616531
0.44555667,-1355.656621258323,1365,159.65942,3,484844,0.0,1.3811122,-1698.6681195932947,1456.274807691574,-0.11764973,0.0029282576866764276,12.374911077084144,354.77,0.9376448951661587
0.68130714,-1307.9590410849669,1369,264.12915,4,486932,0.0,1.352085,-1698.6429804443146,1462.3353245258331,-0.11495803,0.00291970802919708,12.372461024995005,359.06,0.8238908499479294
43.924343,-1115.9181370508586,1376,358.47327,7,489181,0.0,1.3621212,-1683.7301684329864,1468.553237915039,0.055396676,0.002904865649963689,12.352169323453248,357.65,0.8337240070104599
1.1967608,-810.8717223134731,1391,541.45825,15,491493,0.0,1.3364755,-1665.6674287507337,1474.9558136463165,-0.09956072,0.0028735632183908046,12.353562332372515,339.74,0.7037888467311859
0.52775127,-723.3428840627718,1396,314.83432,5,492638,0.0,1.3261348,-1665.0976472537586,1481.2784593105316,-0.09901084,0.002863278453829635,12.347655319909322,330.29,0.7971076965332031
0.5170875,-746.8447293051737,1410,391.60828,14,495613,0.0,1.3202312,-1654.0876058448364,1487.1798796653748,-0.100475766,0.002834868887313962,12.333554505589337,303.81,0.8429712057113647
1.4130591,-900.0065747706494,1418,142.78156,8,497600,0.0,1.3196028,-1650.7371161480255,1493.0234496593475,-0.10190451,0.0028188865398167725,12.330884903567426,305.25,0.8066716641187668
10.232244,-678.0353724904792,1425,240.10126,7,499574,0.0,1.339203,-1651.807571104838,1499.0811972618103,0.1067921,0.002805049088359046,12.329448236639658,293.44,0.7776882648468018
0.5580468,-555.1184651892158,1435,199.86662,10,501101,0.0,1.3027066,-1635.2473417843125,1505.3134820461273,-0.11111649,0.002785515320334262,12.310770349196355,279.56,0.8682902753353119
0.25603682,-634.7181259311131,1450,1917.9911,15,503759,0.0,1.3311563,-1629.2994610382402,1511.5161867141724,-0.088271365,0.0027567195037904893,12.313665950600164,241.4,0.745128720998764
0.3036142,-546.0548372463237,1467,346.00595,17,505849,0.0,1.3457261,-1614.8118745342163,1517.455312013626,-0.0925897,0.0027247956403269754,12.296255372014995,198.74,0.6601325273513794
1.1340842,-454.39579163316756,1483,111.3449,16,507889,0.0,1.3335377,-1596.4816218843687,1523.8082880973816,-0.11144271,0.0026954177897574125,12.274889836884173,176.25,0.8198437690734863
0.3460057,-528.4984956096736,1495,337.17175,12,509753,0.0,1.3497771,-1589.3754223705027,1530.1848595142365,-0.09104161,0.00267379679144385,12.271685035303438,171.86,0.6793077290058136
0.75609523,-127.12242303690425,1506,287.04648,11,511893,0.0,1.357258,-1559.4294238854009,1536.5764546394348,-0.10792856,0.0026542800265428003,12.252808194053697,168.97,0.6736624836921692
0.6136279,103.50619839855331,1522,362.19855,16,514038,0.0,1.3287443,-1539.8387720457085,1542.9104008674622,-0.09980868,0.0026263952724885093,12.23907629658866,151.88,0.8167562186717987
0.96287704,117.15438149691713,1530,124.608665,8,516035,0.0,1.2923168,-1531.0892950036289,1549.2327997684479,-0.08207688,0.002612671456564337,12.239810186374708,158.72,0.7696690112352371
1.3835045,-55.589492023162904,1542,276.8671,12,517849,0.0,1.2403703,-1533.8016431405313,1555.5061211585999,-0.118504085,0.002592352559948153,12.231108642866715,152.28,0.8987793475389481
1.34564,-166.0336647620765,1553,1565.1989,11,520110,0.0,1.2163619,-1532.52011036613,1561.9313020706177,-0.08211931,0.002574002574002574,12.238007474891518,158.89,0.7045505344867706
1.1991954,-197.36408286308276,1564,565.1465,11,522149,0.0,1.2016064,-1524.8967310167661,1568.1308102607727,-0.068069614,0.0025559105431309905,12.238418000823449,166.42,0.8389162123203278
21.078327,-108.50379457209847,1575,221.92104,11,523822,0.0,1.2322018,-1513.3156458342644,1574.3569917678833,0.121706344,0.0025380710659898475,12.22601088913974,169.94,0.8415601402521133
45.917416,-116.99632889719513,1583,10858.068,8,526238,0.0,1.2351594,-1503.079772579623,1580.3177790641785,0.01859263,0.0025252525252525255,12.248466074329128,183.49,0.6963825821876526
2.8618393,-637.0562051046626,1592,781.6319,9,528293,0.0,1.2407612,-1527.8511557198076,1586.3352689743042,-0.082823254,0.0025109855618330196,12.27046000934536,190.94,0.5265518426895142
0.93036133,-640.5036316808342,1597,908.9206,5,529993,0.0,1.2221131,-1520.0195850056302,1592.5145611763,-0.101177976,0.0025031289111389237,12.275424046074201,195.78,0.8020437061786652
1.3509506,-1050.9533710021642,1603,4567.1084,6,532271,0.0,1.1936814,-1529.1379119944331,1598.6354141235352,-0.08104321,0.0024937655860349127,12.294976504880141,206.0,0.8992348462343216
0.41415483,-1012.2404412400305,1609,2785.8237,6,534294,0.0,1.178492,-1523.6472998308923,1604.9775409698486,-0.07364945,0.002484472049689441,12.292627328242167,220.91,0.8817657604813576
7.6847816,-1220.7967777977271,1617,1384.872,8,536510,0.0,1.2056729,-1529.9047309581556,1611.241953611374,0.0037042468,0.002472187886279357,12.296119074837494,231.59,0.9246439710259438
18.534863,-1663.7927893657095,1626,291.6629,9,538522,0.0,1.2144562,-1547.289876824245,1617.4527406692505,0.14487168,0.002458512599877074,12.305126685747581,234.29,0.8699721395969391
0.9734037,-1619.0959227103554,1643,748.50714,17,540657,0.0,1.2003974,-1540.2561247825095,1623.7771046161652,-0.08856321,0.0024330900243309003,12.285684382549585,224.96,0.5405888557434082
0.25481164,-1408.6986312887907,1658,1698.3528,15,542633,0.0,1.2007232,-1528.1067193019776,1629.9657549858093,-0.07333853,0.0024110910186859553,12.283791121267678,213.5,0.8292784690856934
0.3129686,-1498.3572010411965,1675,3699.7073,17,544718,0.0,1.1833454,-1512.42313719506,1636.0961503982544,-0.084343694,0.002386634844868735,12.268542545191206,208.96,0.7862669676542282
0.22368693,-981.4373132458734,1692,1728.4233,17,546708,0.0,1.1854415,-1495.576268391164,1642.5046305656433,-0.09438592,0.002362669816893089,12.254141776492915,184.15,0.8947863206267357
0.32726595,-843.294639500838,1708,639.20166,16,548839,0.0,1.1882348,-1486.1898291906361,1648.790929555893,-0.074866,0.0023405500292568754,12.23607526941707,150.43,0.8432651460170746
0.49496427,-540.2432951317842,1723,779.33636,15,550878,0.0,1.1819111,-1481.4225806450834,1655.1295099258423,-0.10064986,0.002320185614849188,12.221814269931778,131.7,0.8939574584364891
3.4117267,-433.2432999982295,1738,2378.7502,15,552907,0.0,1.1842805,-1474.7273748415626,1661.3182654380798,0.022730742,0.0023001725129384704,12.205457079952588,128.53,0.8779818564653397
0.4327201,-536.9971230791909,1753,2745.2441,15,554978,0.0,1.1740565,-1474.0534170496526,1667.4022171497345,-0.043877214,0.002280501710376283,12.190162486319647,131.56,0.6086367666721344
0.3734388,-668.0698130911068,1769,513.28955,16,556992,0.0,1.1820183,-1468.7123557203302,1673.3732416629791,-0.067249276,0.0022598870056497176,12.170227183380549,130.03,0.937054917216301
0.8700619,-836.4034033252474,1777,1802.5189,8,559099,0.0,1.1843342,-1471.4904169370252,1679.4392786026,-0.080734305,0.0022497187851518562,12.175756382810869,141.39,0.7724457681179047
0.7845539,-809.696060440168,1793,1302.4056,16,560970,0.0,1.1836892,-1456.5311369240183,1685.3447577953339,-0.057993125,0.002229654403567447,12.155776902180449,141.31,0.9077768176794052
0.6785169,-717.4379117036877,1806,436.94632,13,563048,0.0,1.1663784,-1444.1809887702968,1691.5407576560974,-0.0682678,0.002213613724405091,12.1373691477472,144.56,0.8629689365625381
0.29348144,-507.482684763718,1823,669.833,17,565248,0.0,1.193709,-1428.0267530200085,1697.848596572876,-0.038752127,0.0021929824561403508,12.110557992361745,143.7,0.926947258412838
0.50205785,-296.130694227176,1836,530.33484,13,567136,0.0,1.1987398,-1413.1227690449675,1704.0973870754242,-0.06617305,0.002177463255307567,12.09494774804847,145.21,0.900933064520359
25.470478,-224.1202904075741,1844,1555.9237,8,568799,0.0,1.176834,-1407.6953320203725,1710.266429901123,0.047883127,0.002168021680216802,12.091684561771853,149.66,0.9367891997098923
0.45134988,-106.99136054967006,1856,2382.8208,12,571390,0.0,1.1788098,-1400.7035607627568,1716.1997938156128,-0.07911964,0.002154011847065159,12.096917657533083,160.4,0.9252477735280991
0.37414718,83.77741777317368,1875,2580.1863,19,573438,0.0,1.1789932,-1387.3608934634997,1722.2007174491882,-0.046483245,0.0021321961620469083,12.087527703099319,153.54,0.943240262567997
0.54682624,214.84876875468183,1889,1871.9705,14,575430,0.0,1.1998994,-1372.751221314382,1728.4730503559113,-0.050347406,0.0021164021164021165,12.078778836337058,149.54,0.9589623510837555
0.2949118,326.55142569177883,1904,1392.939,15,577471,0.0,1.1948802,-1353.3692921606275,1734.496286392212,-0.0672966,0.002099737532808399,12.082801162737102,146.79,0.9433895125985146
0.3757856,603.9915019895875,1916,2502.4207,12,579583,0.0,1.1942028,-1331.1064569486873,1740.7143023014069,-0.06133451,0.0020865936358894104,12.078012648312843,152.01,0.9635128863155842
12.33786,320.2100445522912,1926,489.3778,10,581595,0.0,1.2033784,-1334.729593067358,1747.040995836258,0.067975305,0.0020757654385054488,12.06991149982527,158.21,0.6758173704147339
18.863836,143.31158506107212,1940,5677.1333,14,583565,0.0,1.221752,-1328.4625179060836,1753.2439668178558,0.19971833,0.0020607934054611026,12.052835251091867,153.61,0.8946909084916115
0.970406,107.33791797487972,1962,592.3931,22,585695,0.0,1.2297788,-1321.1332641843553,1759.6348609924316,-0.08044502,0.0020376974019358125,12.04000150800686,138.05,0.823884904384613
0.98072374,-123.40172356544542,1980,365.22382,18,587754,0.0,1.2393912,-1318.0851167921862,1765.7720232009888,-0.07130627,0.0020191822311963654,12.030561378620837,135.48,0.8696457147598267
2.2805822,-366.8371034915775,1998,469.48572,18,589616,0.0,1.220567,-1312.4367731601687,1772.0579793453217,-0.09451109,0.002001000500250125,12.035757009549583,129.1,0.7628183513879776
0.4974587,-765.3123116311668,2017,382.22693,19,591810,0.0,1.2007257,-1210.2032914000733,1778.280222415924,-0.117320694,0.002,11.946198735697829,120.05,0.7869542092084885
1.3923501,-710.3052328047451,2044,860.7045,27,593885,0.0,1.1905247,-1158.486885423614,1784.5901536941528,-0.08717941,0.002,11.907661482592047,100.36,0.8062928020954132
0.33627427,-740.2537822077423,2060,405.4579,16,595862,0.0,1.168863,-1130.2788995435706,1790.919396162033,-0.10212894,0.002,11.880598958795854,104.87,0.7984279096126556
0.45016223,-740.6964195262682,2082,298.60953,22,597997,0.0,1.1501583,-1082.084201139613,1797.2909960746765,-0.11302278,0.002,11.848874342119524,100.43,0.8907192870974541
0.47905248,-704.0046926102949,2105,376.44342,23,600045,0.0,1.1211332,-1017.6876896124363,1803.4838979244232,-0.058316927,0.002,11.799256569740727,94.58,0.8017299175262451
0.41005436,-727.1234429866339,2125,114.139015,20,602052,0.0,1.1329588,-982.268377814926,1809.7611303329468,-0.07736867,0.002,11.751649773047193,96.27,0.6770842969417572
0.7462075,-680.9947627765581,2149,900.91895,24,604088,0.0,1.168791,-905.9904023828166,1816.1470077037811,-0.04841215,0.002,11.715873279596803,95.81,0.9426358230412006
1.1061977,-628.5553838179505,2173,922.9069,24,606156,0.0,1.1748163,-838.0538338212468,1822.3869128227234,-0.064302705,0.002,11.666557670693496,91.97,0.9055933281779289
0.36890244,-594.179242366669,2193,171.93922,20,608187,0.0,1.1144832,-758.1295051039201,1828.7721655368805,-0.102494895,0.002,11.585350005425182,91.31,0.9217945113778114
0.60617745,-611.3173834951585,2214,334.27057,21,610280,0.0,1.1078305,-714.7726537902045,1835.1445143222809,-0.09185226,0.002,11.544248654507793,94.43,0.8770026192069054
1.5029197,-740.7980565000324,2230,107.32017,16,612327,0.0,1.0885451,-662.9944399437428,1841.379950761795,-0.07349886,0.002,11.50314650433916,98.1,0.9235182628035545
1.1315565,-621.9149162395962,2245,214.76869,15,614349,0.0,1.1059003,-608.9398834693283,1847.6133434772491,-0.08822512,0.002,11.461357421698732,105.39,0.6237907707691193
1.7417947,-614.9246536039823,2258,159.65823,13,616391,0.0,1.1404992,-611.6590485687474,1853.7964911460876,-0.03286152,0.002,11.449269811584081,114.8,0.7291290760040283
0.7286561,-636.949618287345,2277,278.26297,19,618406,0.0,1.148558,-569.1326035199423,1860.0148770809174,-0.085254535,0.0015,11.41744435591644,118.8,0.770997941493988
0.518489,-609.9598701533075,2296,254.82715,19,620516,0.0,1.1422293,-602.6121643238187,1866.3527190685272,-0.095041275,0.0015,11.449860558305321,118.18,0.7957081198692322
1.2402912,-653.9652278007502,2312,128.91966,16,622216,0.0,1.1506945,-614.8013676864593,1872.5233888626099,-0.055501044,0.0015,11.467865176466953,120.91,0.7669225782155991
1.218307,-517.4803375518068,2331,166.46617,19,624596,0.0,1.1998557,-587.3045190035496,1878.8193037509918,-0.03391605,0.0015,11.46233486914757,121.49,0.7459802031517029
3.7406757,-726.3114986795897,2347,410.48367,16,626667,0.0,1.2179867,-601.1376864657416,1885.1510310173035,0.0026318072,0.0015,11.47539134845828,120.33,0.8094070851802826
0.54866815,-732.3309879705572,2366,151.50114,19,628542,0.0,1.1592861,-587.3516532814311,1891.365210056305,-0.09583608,0.0015,11.488352508771179,113.78,0.897495411336422
0.32047802,-727.5168383667956,2386,1213.9956,20,630753,0.0,1.1609637,-569.3294988839663,1897.71888589859,-0.0810685,0.0015,11.493521395227665,114.35,0.9136620089411736
6.7322016,-751.8919388703379,2406,842.4211,20,632777,0.0,1.1780814,-581.8883918249174,1903.9071147441864,0.1196891,0.0015,11.520322771026324,112.34,0.8950036838650703
1.581546,-763.2973687962607,2421,949.1846,15,634878,0.0,1.1748964,-574.5707706056828,1910.1122221946716,-0.07793597,0.0015,11.523012628885589,116.24,0.8340853005647659
0.57150173,-717.4471204125955,2441,780.1882,20,636824,0.0,1.175018,-569.6870036131295,1916.2559032440186,-0.06801427,0.0015,11.53371980947276,110.79,0.8359575122594833
0.255534,-804.7545380196984,2456,960.5624,15,638879,0.0,1.1718086,-589.0387402151941,1922.5116119384766,-0.101759635,0.0015,11.536009535242657,113.5,0.8764794990420341
2.041698,-842.8539483539757,2477,307.22772,21,640996,0.0,1.1739844,-610.5406778310771,1928.9554290771484,-0.0643591,0.0015,11.544692241856346,109.89,0.9024080112576485
0.8955489,-953.8412250309322,2495,203.18399,18,643053,0.0,1.1441838,-623.8935100894385,1935.1884524822235,-0.09160397,0.0015,11.56162865088685,113.64,0.9140337407588959
2.0787656,-1008.4657209087829,2508,761.0586,13,645045,0.0,1.1092666,-635.8223407817045,1941.5223462581635,-0.08962673,0.0015,11.597423721353648,119.74,0.9451819993555546
8.153929,-1141.194540267019,2525,333.38153,17,646968,0.0,1.1131347,-639.5222043509087,1948.1119544506073,0.029212715,0.0015,11.58367452186609,115.96,0.9165538996458054
1.2173905,-1079.7202142556066,2542,278.5061,17,649150,0.0,1.1166708,-624.5951240751048,1954.055406332016,-0.054090727,0.0015,11.560997970955853,121.18,0.8818639740347862
5.656902,-867.4225394646896,2563,918.2028,21,651240,0.0,1.1088446,-630.5435513836829,1960.2074415683746,-0.017292894,0.0015,11.581505418633682,118.42,0.8799362331628799
0.47925398,-903.1708701283566,2583,155.11026,20,653289,0.0,1.103218,-616.6059225785033,1966.4006497859955,-0.0934602,0.0015,11.582652938213595,116.79,0.9450824111700058
0.3236979,-697.9710886423741,2602,273.09766,19,655124,0.0,1.0706019,-625.8516095099737,1972.7206146717072,-0.08920669,0.0015,11.610897008403397,108.34,0.8216368556022644
0.82965136,-642.3020597868203,2623,567.62427,21,657314,0.0,1.0545802,-617.2420794705057,1979.019279718399,-0.09715309,0.001,11.603679334921704,107.22,0.8469924777746201
0.6142731,-688.4918712867583,2637,110.38386,14,659412,0.0,1.0143567,-624.7798105305266,1985.1966803073883,-0.09607115,0.001,11.61790950902174,108.12,0.8943096101284027
0.5750336,-841.3813374488749,2655,245.95204,18,661457,0.0,1.0408803,-636.9735093049386,1991.4084956645966,-0.082286075,0.001,11.628580191892723,108.98,0.9210505038499832
0.58408725,-852.1380018876563,2675,214.34502,20,663546,0.0,1.0606154,-627.8430208861935,1997.753185749054,-0.075878985,0.001,11.622075013720305,109.74,0.9053079187870026
0.40059716,-834.7370404443116,2695,122.34146,20,665532,0.0,1.0771174,-635.9519841847127,2004.0441331863403,-0.10258799,0.001,11.653838259438356,111.63,0.9281465485692024
16.6552,-913.0131845602992,2715,1811.0773,20,667546,0.0,1.1123224,-623.0590557557169,2010.2382564544678,0.024311233,0.001,11.643311892490178,110.03,0.9226741567254066
1.0331813,-910.2040380290823,2734,447.449,19,669659,0.0,1.1113626,-627.1111796150927,2016.530804157257,-0.07041843,0.001,11.660836367147336,106.84,0.9185222163796425
1.6032586,-849.4716789112316,2746,169.6168,12,671676,0.0,1.1013607,-621.9495099144639,2022.7766859531403,-0.061263062,0.001,11.66912082167838,114.56,0.6467854380607605
1.4968672,-864.9608258326906,2765,402.16003,19,673779,0.0,1.1102539,-633.0827662041131,2028.8976244926453,-0.100886516,0.001,11.67654354622764,111.03,0.8712422102689743
0.4887604,-777.5500146298228,2782,236.06549,17,675790,0.0,1.1272485,-629.8009835357615,2035.0095574855804,-0.09535873,0.001,11.673775260913706,113.38,0.8004032671451569
14.083163,-863.1383086228691,2800,537.5825,18,677843,0.0,1.1153238,-617.0886389148976,2041.0914268493652,0.12626563,0.001,11.676156793674556,119.34,0.9123648777604103
1.2638036,-875.700502448542,2821,522.43555,21,679935,0.0,1.0821822,-618.6877466710836,2047.2342734336853,-0.08151508,0.001,11.668812522669402,115.85,0.7944699823856354
5.131385,-842.7527965953876,2842,518.0801,21,681967,0.0,1.0970247,-630.7731530885748,2053.477504014969,0.069344915,0.001,11.696743185809726,110.27,0.8790273666381836
0.76600635,-787.6131459999489,2861,249.68541,19,683954,0.0,1.0869374,-628.6790328306979,2059.8553540706635,-0.08061908,0.001,11.69809794079979,105.93,0.7681112140417099
1.2532785,-909.7688308645209,2885,227.81485,24,686032,0.0,1.0391959,-638.0178684231093,2066.025219678879,-0.08812818,0.001,11.716462904268687,100.21,0.9219180569052696
0.6607059,-857.691410583772,2902,190.90492,17,688116,0.0,0.9917798,-643.7148436067976,2072.2342960834503,-0.08853479,0.001,11.736957371235722,101.11,0.9067201241850853
0.9693408,-750.3410740116767,2926,338.02008,24,690072,0.0,0.98157686,-666.1822529855742,2078.5217368602753,-0.06755558,0.001,11.767330669829867,97.06,0.9095181301236153
2.3656335,-811.5776021598643,2946,226.41359,20,692170,0.0,1.0068283,-677.9717076711873,2084.5315878391266,-0.06887106,0.001,11.76985313409099,96.56,0.9624121449887753
1.3998796,-907.6615593197832,2965,122.147766,19,694268,0.0,0.9683265,-699.1857932309739,2090.7289719581604,-0.07451286,0.001,11.815151468495772,99.21,0.9548504240810871
2.9436133,-959.4090237084688,2989,159.08656,24,696257,0.0,0.9476376,-719.9490226416762,2097.1040709018707,-0.06994228,0.001,11.84089070263852,97.3,0.9032697528600693
26.435701,-953.5853983599441,3001,672.44446,12,698259,0.0,0.95940965,-727.7187517168727,2103.2354192733765,0.23719387,0.001,11.848362745608956,102.33,0.8635607659816742
0.6854912,-955.2008346372812,3019,797.02203,18,700381,0.0,0.9113749,-736.28713824196,2109.5915954113007,-0.08987515,0.001,11.869040681081627,108.93,0.8375643640756607
2.073546,-994.7544729555407,3039,134.37497,20,702463,0.0,0.9275812,-741.971801915783,2115.8892862796783,-0.08486651,0.001,11.887579148294572,110.68,0.8756741136312485
0.80733067,-739.1711769501652,3058,136.7615,19,704224,0.0,0.9358925,-741.7718939875406,2122.285182952881,-0.08148028,0.001,11.911503225686475,107.6,0.9086545035243034
0.48090315,-742.3040493721201,3076,227.45479,18,706247,0.0,0.9181131,-741.91607317817,2128.4524648189545,-0.08956975,0.001,11.903079166980785,111.31,0.8517156392335892
2.3293746,-691.0447784423591,3098,439.33923,22,708547,0.0,0.92604214,-723.7520537981334,2134.6499359607697,-0.027536975,0.0005,11.898628254651078,109.76,0.7134134769439697
1.907913,-885.072686555005,3119,448.20035,21,710546,0.0,0.8831978,-739.3841281944673,2140.965205669403,-0.09228251,0.0005,11.896763011896072,101.65,0.8513492941856384
0.40717503,-938.0674197536952,3139,388.1038,20,712625,0.0,0.8409539,-727.402159846596,2147.1666548252106,-0.10124668,0.0005,11.908911310595638,101.62,0.871150329709053
2.9375734,-924.7113316809508,3159,540.954,20,714730,0.0,0.8612219,-723.8076564742883,2153.441818714142,-0.042053342,0.0005,11.87633448959195,102.08,0.8216805011034012
27.210411,-887.1459557166263,3177,197.91588,18,716715,0.0,0.85333806,-726.3271954401797,2159.652487754822,0.16971476,0.0005,11.886066915436105,101.34,0.9616645723581314
8.50115,-854.1317606681492,3192,183.73625,15,718603,0.0,0.8480411,-727.5127602573419,2165.5972611904144,-0.026162785,0.0005,11.881489716859932,106.65,0.7147955894470215
1.2687621,-674.6542426982062,3210,180.01738,18,720828,0.0,0.82798964,-727.3816339778413,2171.811215877533,-0.08344099,0.0005,11.858597654535682,109.78,0.7332731485366821
0.5408533,-561.9479464584513,3229,423.78,19,722926,0.0,0.8284735,-726.9084416995149,2178.0942277908325,-0.08717902,0.0005,11.854521949184692,112.84,0.779063954949379
1.0555623,-557.845044104391,3250,240.24301,21,724900,0.0,0.8224092,-725.9182265259805,2184.25226020813,-0.09213713,0.0005,11.886532340125848,110.04,0.8589926511049271
3.5695755,-629.0260309468471,3267,876.8246,17,726989,0.0,0.8117862,-710.5904521853705,2190.481920480728,-0.039733525,0.0005,11.883292132028656,116.28,0.8819814994931221
0.757896,-574.0921854400847,3285,110.56057,18,729085,0.0,0.77816063,-703.0943793391249,2196.676297903061,-0.11557555,0.0005,11.867299465505706,114.04,0.8376921862363815
2.3235383,-590.589460818973,3305,463.781,20,731132,0.0,0.80246735,-686.559661176052,2202.900914669037,0.042548966,0.0005,11.843883827724603,108.33,0.7977595925331116
1.8022566,-632.2358884434942,3322,2258.911,17,733150,0.0,0.8372823,-686.9403738029382,2209.0942590236664,-0.051945973,0.0,11.825610987451453,109.93,0.903044693171978
5.248807,-724.6775763181533,3340,317.3282,18,735025,0.0,0.8302331,-687.8494286914597,2215.248652458191,-0.042384543,0.0,11.80066392719117,109.39,0.9238276258111
0.575937,-700.515685678341,3361,315.87543,21,737246,0.0,0.8143217,-697.03464587009,2221.3885247707367,-0.08858687,0.0,11.81997023647041,107.4,0.8748282194137573
0.7726218,-747.9566231228549,3380,140.41528,19,739159,0.0,0.8133245,-686.7494897898864,2227.6401841640472,-0.097291656,0.0,11.829970656835949,107.22,0.8608192205429077
0.6877065,-666.4874398635693,3398,77.415375,18,741314,0.0,0.8131872,-684.6254805188387,2233.945564508438,-0.08183754,0.0,11.815614123388576,108.83,0.8199319988489151
0.6487631,-685.7243936814863,3413,171.54207,15,743351,0.0,0.80816275,-685.0599987178716,2240.1801795959473,-0.08643727,0.0,11.81377878559183,113.73,0.8681224435567856
0.81394714,-610.4550413340705,3434,571.6868,21,745453,0.0,0.8288842,-687.6641237354136,2246.507183790207,-0.06377216,0.0,11.806219731452014,109.33,0.8771285563707352
57.78475,-477.9466133697737,3451,156.05432,17,747490,0.0,0.8441072,-682.0454402230257,2252.8751168251038,0.21075118,0.0,11.806480696356834,111.76,0.7736019492149353
0.7323814,-588.395039902945,3470,352.24606,19,749525,0.0,0.82897,-688.4190369498034,2259.252759218216,-0.09028886,0.0,11.820951636609765,113.47,0.7585256993770599
0.8824104,-623.9946957797026,3491,230.7061,21,751580,0.0,0.81945807,-696.7216244885591,2265.270421743393,-0.101932935,0.0,11.835961699212866,109.53,0.7733779102563858
1.3211738,-681.4230001414902,3515,363.74362,24,753606,0.0,0.8216609,-711.4928972275422,2271.2778780460358,-0.07487891,0.0,11.832373007525405,100.84,0.8890191838145256
17.896116,-710.6051987326334,3536,234.36247,21,755556,0.0,0.84504074,-725.0069121218643,2277.56916475296,0.064402744,0.0,11.839945543969117,99.04,0.8099320232868195
0.5078962,-824.6175408634848,3556,1437.168,20,757698,0.0,0.8272934,-711.056422957764,2283.8615868091583,-0.09724192,0.0,11.848221304094606,98.1,0.869679182767868
0.89965624,-730.8737914169125,3578,351.8473,22,759747,0.0,0.8038621,-719.8297953990991,2290.2031621932983,-0.09695417,0.0,11.84707059776708,93.74,0.817433089017868
0.40326568,-725.5713213775794,3602,409.9204,24,761852,0.0,0.8084665,-693.4980881157436,2493.0941894054413,-0.076530956,0.0,11.793751098560206,94.13,0.7972620725631714
1.3573724,-648.1392407249003,3623,128.75266,21,763828,0.0,0.84071356,-675.3275699188812,2499.5066046714783,-0.061411604,0.0,11.78131652864879,93.83,0.8582609295845032
0.72412467,-585.8151746900813,3643,136.97318,20,765918,0.0,0.834355,-663.4238176509582,2505.8000135421753,-0.08350664,0.0,11.780969670856997,95.99,0.8615957200527191
0.7479897,-511.83246886476906,3662,86.45053,19,767948,0.0,0.8653063,-668.2182265455572,2512.3278274536133,-0.05372263,0.0,11.777668064278972,96.04,0.8619910180568695
0.70639634,-556.0002451284419,3684,366.936,22,770042,0.0,0.86305416,-675.3744831035998,2518.3638174533844,-0.08191594,0.0,11.807437864965479,97.34,0.6896235644817352
0.8192319,-592.9459274076158,3705,171.8956,21,772095,0.0,0.8633123,-681.2614952297104,2524.500606775284,-0.05740425,0.0,11.82670163610694,98.81,0.8165109157562256
0.75792855,-640.1294298972339,3726,395.1466,21,774124,0.0,0.85902613,-677.8682723165182,2530.7925357818604,-0.07895678,0.0,11.846757171427726,99.65,0.8235307037830353
2.2577538,-710.1106888383736,3751,477.4887,25,776119,0.0,0.88020897,-673.9852344130627,2537.121724843979,-0.032035295,0.0,11.85393599111422,90.22,0.8562514185905457
2.7923129,-709.7318315924973,3770,302.86148,19,778196,0.0,0.89774173,-673.9810333785413,2543.4557597637177,0.012645526,0.0,11.868575784431435,94.84,0.780353844165802
0.5569348,-736.8633816866106,3791,184.72467,21,780218,0.0,0.85537094,-675.4749424910264,2549.798315048218,-0.094188295,0.0,11.875422318899297,93.75,0.8790062144398689
2.2303302,-654.849056482778,3810,401.04587,19,782081,0.0,0.86476666,-678.4657204198988,2555.9828164577484,-0.027934633,0.0,11.904212481039599,93.92,0.8607745617628098
0.9066122,-655.5728488132285,3830,325.05933,20,784138,0.0,0.84548575,-695.5154074186169,2562.174109697342,-0.085172385,0.0,11.923369049716381,96.53,0.8490161895751953
0.5848119,-684.7262542553273,3849,254.18019,19,786411,0.0,0.85384756,-700.1447039126165,2568.3984615802765,-0.09409025,0.0,11.92759941781995,104.75,0.8843786045908928
0.9280099,-658.3324656501384,3870,376.49332,21,788455,0.0,0.83358324,-700.0720487066224,2574.2594063282013,-0.08914148,0.0,11.937080744085502,102.59,0.8144673109054565
1.1863594,-720.4457701600782,3888,268.57056,18,790483,0.0,0.82742864,-716.783198382838,2580.7230756282806,-0.09268784,0.0,11.959575907933496,105.44,0.8976417258381844
0.4543341,-817.8357637571565,3910,255.08788,22,792499,0.0,0.79540426,-744.3419371721324,2586.7148039340973,-0.08863586,0.0,11.958585966093594,104.18,0.684683084487915
1.0320508,-754.684274365715,3928,429.0223,18,794547,0.0,0.8028677,-743.5724242114502,2592.631269454956,-0.0883869,0.0,11.972320710318053,105.96,0.8108473569154739
22.559082,-678.5279889397614,3947,133.87856,19,796657,0.0,0.83078754,-743.4190614359339,2598.989343881607,0.18841101,0.0,12.003815424034876,104.33,0.9438090957701206
2.079498,-651.4871995894147,3962,282.83203,15,798643,0.0,0.83723634,-739.5702506735844,2605.117994070053,-0.08090062,0.0,12.005902201104643,110.26,0.6380254030227661
3.4482868,-657.4376695614857,3978,527.41077,16,800469,0.0,0.8264676,-738.5871691298937,2611.479198217392,-0.07628648,0.0,12.024745849766758,114.36,0.8151294887065887
0.7299546,-637.2309975437312,3996,237.00674,18,802775,0.0,0.80864656,-740.9609808543296,2617.8071098327637,-0.08501299,0.0,12.032989647108385,117.04,0.8074230253696442
1.2697303,-577.3907947303021,4015,388.3575,19,804821,0.0,0.7971026,-742.8767684881343,2623.765978574753,-0.08425231,0.0,12.027728293965128,117.14,0.8159663826227188
1.4350526,-641.6558528121313,4034,269.2838,19,806856,0.0,0.78486,-741.7670878698335,2630.052102088928,-0.046856314,0.0,12.015576968766508,112.67,0.7472856342792511
8.39257,-639.1478661122716,4054,478.87585,20,808936,0.0,0.80426645,-737.3671729146738,2636.3536143302917,0.030066885,0.0,12.044579997226839,112.5,0.823429211974144
22.83577,-754.1413231543332,4070,160.61821,16,810822,0.0,0.79386705,-740.3189807047202,2642.762399673462,0.14691225,0.0,12.053554390916862,114.61,0.8356131315231323
0.71097547,-652.2646631829225,4088,224.11836,18,812996,0.0,0.77436835,-737.7210941817507,2648.9397439956665,-0.09050845,0.0,12.04482090383875,111.16,0.80385921895504
1.0602745,-697.0897750033781,4107,269.5669,19,815081,0.0,0.75887877,-741.2080092580497,2655.2613382339478,-0.08275269,0.0,12.05412273984325,111.53,0.903920091688633
0.4687042,-676.2420295945965,4127,148.14108,20,817080,0.0,0.7801137,-738.5114944485147,2661.5476603507996,-0.10193151,0.0,12.060672351078255,108.28,0.9396503418684006
0.50006074,-710.0521977561491,4147,358.15906,20,819144,0.0,0.7790928,-739.5756425712567,2667.785634279251,-0.09148963,0.0,12.058787251830102,108.98,0.871314749121666
2.555311,-789.1504731154059,4161,471.7135,14,821046,0.0,0.80958766,-743.0695609814238,2673.8504550457,0.04692209,0.0,12.04499716301919,114.43,0.8830147385597229
0.46583775,-708.1496341227596,4181,599.4013,20,823257,0.0,0.79949373,-743.3659184739093,2679.871955871582,-0.09553035,0.0,12.029945259644908,110.9,0.8772644549608231
1.0815799,-685.8881681059013,4198,878.962,17,825243,0.0,0.7829036,-741.3836028881381,2685.860358953476,-0.095107794,0.0,12.025310950482194,113.2,0.8132395893335342
1.1554934,-688.8533307327597,4213,203.15111,15,827340,0.0,0.75777453,-743.1776432216107,2692.262660741806,-0.1177555,0.0,12.022574847691871,116.75,0.907738134264946
1.1391033,-721.2081035824922,4233,333.95963,20,829081,0.0,0.7449339,-737.4176336373883,2888.115314245224,-0.086852916,0.0,12.01864313144008,113.32,0.9373858198523521
2.1058733,-637.6080556696027,4252,697.4531,19,831428,0.0,0.76141363,-743.1946470085916,2894.191963195801,-0.050833385,0.0,12.019068687202953,115.64,0.9524227939546108
11.135592,-573.870431358757,4267,327.2117,15,833532,0.0,0.8285235,-744.1642823928532,2900.1426413059235,0.16057391,0.0,12.020880035527997,117.81,0.9024009332060814
0.6288743,-559.0860121379883,4280,217.16344,13,835531,0.0,0.82541335,-741.2188062499441,2906.27366065979,-0.1074282,0.0,12.03861540370037,123.68,0.7874642908573151
1.1202483,-621.1929198952765,4297,401.8481,17,837468,0.0,0.8016,-741.3486933752009,2912.5591547489166,-0.10460456,0.0,12.035109867466687,123.38,0.9206681326031685
0.71821666,-560.8690146063858,4312,195.9021,15,839612,0.0,0.80754036,-738.9887923064837,2918.9547095298767,-0.06603442,0.0,12.0311729665221,123.85,0.8792306110262871
1.567419,-546.1324388608251,4326,279.61627,14,841448,0.0,0.8308053,-739.885052779751,2924.8585543632507,-0.064862125,0.0,12.031406603930954,129.06,0.9107661470770836
1.0942297,-626.0034820246962,4342,289.80908,16,843691,0.0,0.8608269,-739.9500874164049,2931.107789993286,-0.07785662,0.0,12.021049410187162,134.33,0.9129214137792587
0.9267414,-645.8349406001715,4356,1816.8264,14,845780,0.0,0.84843963,-741.9455189590574,2937.3768813610077,-0.108582936,0.0,12.044466096900917,135.83,0.8912971615791321
6.028927,-778.0415873709031,4372,392.5102,16,847824,0.0,0.86279315,-744.7727599014974,2943.674178123474,0.085622065,0.0,12.049050765888643,137.17,0.866461306810379
9.8956995,-895.1307885524001,4384,1373.8184,12,849782,0.0,0.878385,-751.0789221306608,2949.887375354767,0.083680004,0.0,12.047464102041989,138.06,0.9073124900460243
1.2545341,-885.4464459833565,4400,3138.7717,16,851896,0.0,0.8841325,-750.2994626881155,2956.212152481079,-0.07145192,0.0,12.025862524042466,139.62,0.9003745540976524
0.72155356,-905.3626288195046,4413,3302.9072,13,853872,0.0,0.8516884,-746.2221423464091,2962.452804327011,-0.09328088,0.0,12.029666702420604,141.66,0.9394168667495251
0.8974564,-862.325105682869,4428,718.98944,15,855985,0.0,0.85387844,-744.5568866707582,2968.6795406341553,-0.07066552,0.0,12.034102725750943,140.84,0.9099575653672218
1.0777687,-864.7930143726427,4441,448.41934,13,858041,0.0,0.84625095,-748.8101463641692,2974.979020833969,-0.08404247,0.0,12.028446876528834,144.67,0.8512539267539978
1.0424457,-777.13727979275,4457,5824.2197,16,860127,0.0,0.8239093,-741.7774697423874,2981.3392045497894,-0.061904304,0.0,12.044719844868286,141.99,0.8469003587961197
4.025721,-719.3223081114379,4473,751.2177,16,862023,0.0,0.8144663,-738.7522098215074,2987.6650977134705,-0.015597795,0.0,12.058473177189764,141.13,0.6886273920536041
12.068228,-444.888550508151,4490,733.78564,17,864193,0.0,0.83521515,-730.9208023526382,2994.10587143898,0.13139595,0.0,12.072038270887326,133.5,0.943951316177845
87.5525,-436.5736439434004,4506,793.3621,16,866163,0.0,0.8160209,-716.4597754546471,3000.482190847397,0.22839804,0.0,12.059305467483293,136.21,0.860016405582428
3.4952054,-216.0906079246636,4522,4295.459,16,868312,0.0,0.81665856,-705.8198784238778,3006.718482017517,-0.027115475,0.0,12.068298853197899,130.29,0.7971897721290588
0.70277387,-151.7917761705959,4541,956.29913,19,870335,0.0,0.8122427,-701.0999357140378,3013.072496175766,-0.066397525,0.0,12.055679777465429,122.94,0.7902685850858688
1.8032238,-51.32467966707233,4554,701.7046,13,872343,0.0,0.80938965,-699.9848396470035,3019.402745246887,-0.06927817,0.0,12.030085248485316,124.86,0.8007452636957169
0.63656694,-71.27812704600525,4568,965.7039,14,874414,0.0,0.8108655,-699.7410444334713,3025.5503051280975,-0.080860585,0.0,12.021094468948364,130.05,0.8645129352807999
0.67841715,2.1693096217001635,4585,961.9135,17,876535,0.0,0.79959697,-689.0138381344351,3031.9462649822235,-0.078072295,0.0,12.027665493345722,130.71,0.8520458042621613
0.9055081,183.02445212637042,4599,1200.137,14,878503,0.0,0.7889765,-673.3074271455598,3038.1427178382874,-0.06213009,0.0005,12.007637345858711,130.71,0.8633375912904739
23.836428,219.69194693679574,4612,461.3587,13,880539,0.0,0.78753084,-670.5435733119857,3044.338557243347,0.13561875,0.0005,11.975064478924889,134.37,0.9129205346107483
0.48468268,152.7193738020921,4622,2365.3865,10,882496,0.0,0.7643891,-666.6555895087101,3050.6806428432465,-0.090383716,0.0005,11.966207895979668,141.84,0.9156838729977608
5.2360253,-207.09020564415732,4633,33800.426,11,884736,0.0,0.74868345,-676.0360790471121,3056.6459913253784,0.018226026,0.0005,11.985855223357131,151.61,0.7746803611516953
3.0809069,-300.8781760177145,4645,808.52124,12,886671,0.0,0.73635733,-676.86256919095,3062.8920035362244,-0.07667045,0.0005,11.978570309614508,156.44,0.7888952940702438
0.8952198,-313.71119026633755,4656,1786.8623,11,888762,0.0,0.7170734,-673.4422428164487,3069.101561307907,-0.08844656,0.0005,11.971534444999413,161.52,0.8246929496526718
0.873949,-232.02621003365962,4666,4862.6353,10,890795,0.0,0.6962801,-669.1582628536199,3075.3621864318848,-0.089021854,0.0005,11.954080516773361,166.24,0.9315639585256577
5.5158777,-554.2933537438133,4676,5892.629,10,892858,0.0,0.67598337,-678.0680585676666,3081.56281208992,-0.005020314,0.0005,11.964081163019754,172.51,0.882237933576107
5.2223825,-721.7344490130479,4687,53362.844,11,894871,0.0,0.6579767,-681.6267282133196,3087.849657535553,0.019382736,0.0005,11.965138944810857,180.36,0.8427716493606567
2.2686968,-841.323186429447,4700,12053.817,13,896957,0.0,0.6467306,-677.7839993188865,3114.096241235733,-0.07714423,0.0005,11.9688107770372,181.39,0.9160973951220512
27.736404,-925.048487182971,4712,11079.767,12,898869,0.0,0.6528551,-673.8763910462768,3120.375545978546,0.20076069,0.0005,11.967670948715648,183.3,0.8964189887046814
